{
  "weeks": [
    {
      "pon": {
        "hours": [
          9.5,
          18
        ],
        "time": 8.5
      },
      "wt": {
        "hours": [
          10.25,
          20
        ],
        "time": 9.75
      },
      "sr": {
        "hours": [
          10.67,
          19.116666666666667
        ],
        "left": "2017-07-12T17:07:35.536Z",
        "time": 8.446666666666667
      },
      "czw": {
        "hours": [
          10.316666666666666,
          17.816666666666666
        ],
        "entered": "2017-7-13 10:19:55",
        "time": 7.5
      },
      "pt": {
        "hours": [
          9.533333333333333,
          null
        ],
        "entered": "2017-7-14 09:32:12"
      }
    }
  ],
  "tasks": {
    "started30minutesago": [
      {
        "inspector": "2017-7-13 10:48:12"
      }
    ]
  }
}