{
  "weeks": [
    {
      "pon": {
        "hours": [
          9.5,
          18
        ]
      },
      "wt": {
        "hours": [
          10.25,
          20
        ]
      },
      "sr": {
        "hours": [
          10.67,
          19.116666666666667
        ],
        "left": "2017-07-12T17:07:35.536Z",
        "time": 8.446666666666667
      }
    }
  ]
}